<?xml version="1.0" encoding="UTF-8"?>
<beans xmlns="http://www.springframework.org/schema/beans"
	xmlns:xsi="http://www.w3.org/2001/XMLSchema-instance"
	xmlns:context="http://www.springframework.org/schema/context"
	xsi:schemaLocation="http://www.springframework.org/schema/beans http://www.springframework.org/schema/beans/spring-beans-4.3.xsd
		http://www.springframework.org/schema/context http://www.springframework.org/schema/context/spring-context-4.3.xsd"
	default-lazy-init="true">
	<bean id="emp1" class="com.capg.Employee">

		<property name="employeeId" value="12345" />
		<property name="employeeName" value="Harriet" />
		<property name="salary" value="40000.0" />


	</bean>
	<bean id="emp2" class="com.capg.Employee">

		<property name="employeeId" value="12346" />
		<property name="employeeName" value="Tom" />
		<property name="salary" value="35000.0" />


	</bean>

	<bean id="sbu" class="com.capg.SBU">
		<property name="sbuId" value="1" />
		<property name="sbuName" value="Product Engineering Services" />
		<property name="sbuHead" value="Kiran Rao" />
		<property name="empList">
			<list>
				<ref bean="emp1" />
				<ref bean="emp2" />

				<bean id="emp3" class="com.capg.Employee">
					<property name="employeeId" value="12347" />
					<property name="employeeName" value="Mora" />
					<property name="salary" value="39000.0" />
				</bean>

			</list>
		</property>
	</bean>


</beans>